,Code_Display,Description,Unit_or_type,Data_type,Experiment 1,,,,,,,,,,,Experiment 2,,,,,,,,,,,,,,,,,,
Metadata,EXNAME,Name of experiment,text,text,UFGA8201.MZX,,,,,,,,,,,ITHY8001.SGX,,,,,,,,,,,,,,,,,,
Metadata,EID,Experiment identifier,number,single,1,,,,,,,,,,,2,,,,,,,,,,,,,,,,,,
Metadata,LOCAL_NAME,Locally used name for experiment,text,text,"Gainesville, FL",,,,,,,,,,,"Patancheru, India",,,,,,,,,,,,,,,,,,
Metadata,LOCAL_ID,Code for local name,code,text,,,,,,,,,,,,,,,,,,,,,,,,,,,,,,
Metadata,FL_NAME,Field name,text,text,Irrigation Park,,,,,,,,,,,ICRISAT,,,,,,,,,,,,,,,,,,
Metadata,ID_FIELD,"Field, identifier usually consisting of institution+site+number",text,text,UFGA0002,,,,,,,,,,,ITHY0001,,,,,,,,,,,,,,,,,,
Metadata,FL_LOC_1,Field location - country,text,3-char,USA,,,,,,,,,,,IND,,,,,,,,,,,,,,,,,,
Metadata,FL_LOC_2,"Field location - sub-country (state, province)",text,3-char,FLA,,,,,,,,,,,APR,,,,,,,,,,,,,,,,,,
Metadata,FL_LOC_3,"Field location - sub-sub-country (county, shire, parrish)",text,3-char,Gainesville,,,,,,,,,,,Patancheru,,,,,,,,,,,,,,,,,,
Metadata,FL_LAT,Field latitude,degree angle,single,29.63,,,,,,,,,,,17.53,,,,,,,,,,,,,,,,,,
Metadata,FL_LONG,"Field longitude, E positive,W negative",degree angle,single,-82.37,,,,,,,,,,,78.27,,,,,,,,,,,,,,,,,,
Metadata,FLELE,Elevation of field site,m,single,40,,,,,,,,,,,,,,,,,,,,,,,,,,,,,
Metadata,SLTX,Soil texture,code,text,LS,,,,,,,,,,,SL,,,,,,,,,,,,,,,,,,
Metadata,SL_SOURCE,Source of soil data,text,text,SCS,,,,,,,,,,,SCS,,,,,,,,,,,,,,,,,,
Metadata,SOIL_ID,Soil profile identifier,text,text,IBMZ910014,,,,,,,,,,,IBSG910085,,,,,,,,,,,,,,,,,,
Metadata,WSTA_INSI,Institute and site code,code,text,UFGA,,,,,,,,,,,ITHY,,,,,,,,,,,,,,,,,,
Metadata,WSTA_NAME,Weather station name,text,text,"Gainesville, FL",,,,,,,,,,,Hyderabad India,,,,,,,,,,,,,,,,,,
Metadata,WSTA_LAT,"Latitude of station, degrees decimal with North as positive value",degree angle,single,29.63,,,,,,,,,,,17.53,,,,,,,,,,,,,,,,,,
Metadata,WSTA_LONG,"Longitude of station, degrees decimals with East as positive value",degree angle,single,-82.37,,,,,,,,,,,78.27,,,,,,,,,,,,,,,,,,
Metadata,WSTA_SOURCE,Source of weather information,text,text,Measured,,,,,,,,,,,Measured,,,,,,,,,,,,,,,,,,
Metadata,WSTA_DIST,Distance of weather station from field,km,single,0,,,,,,,,,,,0,,,,,,,,,,,,,,,,,,
Metadata,CR,Crop (or weed) species identifier,code,text,MZ,,,,,,,,,,,SG,,,,,,,,,,,,,,,,,,
Metadata,CUL_ID,"Cultivar, line or genotype identifier",code,text,IB0035,,,,,,,,,,,IB0026,,,,,,,,,,,,,,,,,,
Metadata,CR_SYSTEM,"Cropping system (dry land, irrigated, first crop, etc.)",text,,,,,,,,,,,,,,,,,,,,,,,,,,,,,,,
Metadata,IRRIG,Indicates whether or not the field was irrigated,code,text,N,,,,,,,,,,,N,,,,,,,,,,,,,,,,,,
Metadata,FERTILIZER,Indicates whether or not fertilizer was applied (Y or N),code,text,P,,,,,,,,,,,N,,,,,,,,,,,,,,,,,,
Metadata,PDATE,Planting date,date,single,2/25/82,,,,,,,,,,,6/13/80,,,,,,,,,,,,,,,,,,
Metadata,HDATE,"Growth stage date, harvest",date,single,7/4/82,,,,,,,,,,,10/4/80,,,,,,,,,,,,,,,,,,
Metadata,TI_PRACTICE,"Tillage practice, code",code,text,,,,,,,,,,,,,,,,,,,,,,,,,,,,,,
Metadata,INSTITUTES,Names of participating institutes,text,memo,University of Florida,,,,,,,,,,,ICRISAT,,,,,,,,,,,,,,,,,,
Metadata,PEOPLE,Names of researchers who conducted the experiment(s),text,memo," BENNET,J.M. ZUR,B. HAMMOND,L.C. JONES,J.W.",,,,,,,,,,,,,,,,,,,,,,,,,,,,,
Metadata,MAIN_FACTOR,"Main factor, factors or interactions of interest in an experiment",text,text,NxW,,,,,,,,,,,N,,,,,,,,,,,,,,,,,,
Metadata,AGMIP_RATING,"AgMIP sentinel site rating (gold, silver, etc.)",code,text,,,,,,,,,,,,,,,,,,,,,,,,,,,,,,
Metadata,AGMIP_RATER,Initials of person assigning AgMIP rating,text,text,,,,,,,,,,,,,,,,,,,,,,,,,,,,,,
Metadata,AGMIP_DATE,Date of AgMIP rating,date,date,,,,,,,,,,,,,,,,,,,,,,,,,,,,,,
Metadata,DISTRIBUTION,Distribution limitations for the data set,text,memo,None,,,,,,,,,,,None,,,,,,,,,,,,,,,,,,
,,,,,,,,,,,,,,,,,,,,,,,,,,,,,,,,,,
Metadata,USER_ID,id of user who uploaded data (typically email address),,,,,,,,,,,,,,,,,,,,,,,,,,,,,,,,
Metadata,DATA_SOURCE,"Source of uploaded data (DSSAT, APSIM, CIMMYT, etc)",code,text,DSSAT,,,,,,,,,,,DSSAT,,,,,,,,,,,,,,,,,,
Metadata,MODEL_VER,Crop model version related to data upload,text,text,,,,,,,,,,,,,,,,,,,,,,,,,,,,,,
Metadata,NUM_YEARS,Number of years crop experiment was run,number,integer,1,,,,,,,,,,,1,,,,,,,,,,,,,,,,,,
Metadata,EXP_FACTORS,JSON string of expeimental factors associated with this experiment,codes,text,N; W,,,,,,,,,,,N,,,,,,,,,,,,,,,,,,
,,,,,,,,,,,,,,,,,,,,,,,,,,,,,,,,,,
CropMgmt,ICPCR,"Residue, crop code for previous crop",code,text,MZ,,,,,,,,,,,SG,,,,,,,,,,,,,,,,,,
CropMgmt,HARM,Harvest method,code,text,,,,,,,,,,,,,,,,,,,,,,,,,,,,,,
CropMgmt,HACOM,"Harvest operations, crop component harvested",code,text,H,,,,,,,,,,,H,,,,,,,,,,,,,,,,,,
CropMgmt,PLPOE,Plant population at emergence,number/m2,single,7.2,,,,,,,,,,,18,,,,,,,,,,,,,,,,,,
CropMgmt,PLRS,Row spacing,cm,single,61,,,,,,,,,,,45,,,,,,,,,,,,,,,,,,
CropMgmt,PAREA,Plot area (gross) per rep,m2,single,,,,,,,,,,,,,,,,,,,,,,,,,,,,,,
CropMgmt,FEN_TOT,Total N applied for crop season,kg[N]/ha,single,116,,,,,,,,,,,0,,,,,,,,,,,,,,,,,,
CropMgmt,NI#M,N applications,number,single,3,,,,,,,,,,,0,,,,,,,,,,,,,,,,,,
,,,,,,,,,,,,,,,,,,,,,,,,,,,,,,,,,,
CropMgmt,FDATE,Fertilization date,date,single,FDATE,FEACD,FECD,FEDEP,FEAMN,FEAMP,FEAMK,,,,,,,,,,,,,,,,,,,,,,,
CropMgmt,FEACD,Fertilizer application method,code,text,4/7/82,AP001,FE001,10,27,0,0,,,,,,,,,,,,,,,,,,,,,,,
CropMgmt,FECD,Fertilizer material,code,text,4/12/82,AP001,FE001,10,35,0,0,,,,,,,,,,,,,,,,,,,,,,,
CropMgmt,FEDEP,Fertilizer application depth,cm,single,5/17/82,AP001,FE001,10,54,0,0,,,,,,,,,,,,,,,,,,,,,,,
CropMgmt,FEAMN,N in applied fertilizer,kg/ha,single,,,,,,,,,,,,,,,,,,,,,,,,,,,,,,
CropMgmt,FEAMP,Phosphorus in applied fertilizer,kg/ha,single,,,,,,,,,,,,,,,,,,,,,,,,,,,,,,
CropMgmt,FEAMK,Fertilizer K applied,kg/ha,single,,,,,,,,,,,,,,,,,,,,,,,,,,,,,,
,,,,,,,,,,,,,,,,,,,,,,,,,,,,,,,,,,
Observed,HWAH,Harvested yield at harvest (dry wt),kg/ha,single,2929,,,,,,,,,,,5230,,,,,,,,,,,,,,,,,,
Observed,HWAHS,"Harvest yield at harvest, standard deviation",kg/ha,single,,,,,,,,,,,,,,,,,,,,,,,,,,,,,,
Observed,HYAH,Harvested yield at harvest (fresh wt),Mg/ha,single,,,,,,,,,,,,,,,,,,,,,,,,,,,,,,
Observed,HYAHS,Standard deviation of harvested yield at harvest (fresh wt),Mg/ha,single,,,,,,,,,,,,,,,,,,,,,,,,,,,,,,
Observed,HMAH,Mean moisture fraction of harvest product at harvest,kg[water]/kg[harvest],single,,,,,,,,,,,,,,,,,,,,,,,,,,,,,,
Observed,HMAHS,Standard deviation of harvest moisture fraction,kg[water]/kg[harvest],,,,,,,,,,,,,,,,,,,,,,,,,,,,,,,
Observed,MDAP,"Growth stage of physiol. maturity, as days after planting",dap,single,129,,,,,,,,,,,,,,,,,,,,,,,,,,,,,
Observed,R8APS,Standard deviation of harvest maturity DAP,dap,integer,,,,,,,,,,,,,,,,,,,,,,,,,,,,,,
Observed,ADAP,"Growth stage as days after planting, anthesis",dap,integer,76,,,,,,,,,,,,,,,,,,,,,,,,,,,,,
Observed,ADAPS,Standard deviation of anthesis DAP,dap,integer,,,,,,,,,,,,,,,,,,,,,,,,,,,,,,
Observed,CHTD,Canopy height,m,single,,,,,,,,,,,,,,,,,,,,,,,,,,,,,,
Observed,CHTDS,Standard deviation of canopy height observations,m,single,,,,,,,,,,,,,,,,,,,,,,,,,,,,,,
Observed,CWAM,Tops dry weight at maturity,kg/ha,single,5532,,,,,,,,,,,10770,,,,,,,,,,,,,,,,,,
Observed,CWAMS,"Standard deviation of tops weight, maturity",kg/ha,single,,,,,,,,,,,,,,,,,,,,,,,,,,,,,,
,,,,,,,,,,,,,,,,,,,,,,,,,,,,,,,,,,
Observed,E#AD,Ear number,number/m2,single,,,,,,,,,,,,,,,,,,,,,,,,,,,,,,
Observed,ETCM,"Evapotranspiration, cumulative to end of season",mm,single,,,,,,,,,,,,,,,,,,,,,,,,,,,,,,
Observed,PRCM,"Rainfall, season",mm,single,,,,,,,,,,,,,,,,,,,,,,,,,,,,,,
,,,,,,,,,,,,,,,,,,,,,,,,,,,,,,,,,,
,,,,,,,,,,,,,,,,,,,,,,,,,,,,,,,,,,
,,,,,,,,,,,,,,,,,,,,,,,,,,,,,,,,,,
SoilProfile,SOIL_ID,Soil profile identifier,text,text,IBMZ910014,,,,,,,,,,,IBSG910085,,,,,,,,,,,,,,,,,,
SoilProfile,SL_SYSTEM,"Soil classification system (e.g., FAO, USDA)",text,text,SCS,,,,,,,,,,,SCS,,,,,,,,,,,,,,,,,,
SoilProfile,CLASSIFCATION,Soil classification,text,text,LS,,,,,,,,,,,SL,,,,,,,,,,,,,,,,,,
SoilProfile,SLOPE,Slope where soil profile characterised,degree angle,single,,,,,,,,,,,,,,,,,,,,,,,,,,,,,,
SoilProfile,NAME,Name of soil profile,text,text,Millhopper Fine Sand,,,,,,,,,,,Patencheru,,,,,,,,,,,,,,,,,,
SoilProfile,SITE,Name and location of site for soil profile,text,text,,,,,,,,,,,,,,,,,,,,,,,,,,,,,,
SoilProfile,SOILELEV,Elevation of soil profile site,number,single,,,,,,,,,,,,,,,,,,,,,,,,,,,,,,
SoilProfile,SSCOL,Soil color at surface,code,text,,,,,,,,,,,,,,,,,,,,,,,,,,,,,,
SoilProfile,SALB,Soil_albedo,unitless,single,0.18,,,,,,,,,,,0.13,,,,,,,,,,,,,,,,,,
SoilProfile,SLDR,Drainage rate as fraction per day,1/d,single,0.65,,,,,,,,,,,0.3,,,,,,,,,,,,,,,,,,
SoilProfile,SOILLAT,Latitude of soil profile site,degree angle,single,29.63,,,,,,,,,,,,,,,,,,,,,,,,,,,,,
SoilProfile,SOILLONG,Longitude of soil profile site,degree angle,single,-82.37,,,,,,,,,,,,,,,,,,,,,,,,,,,,,
SoilProfile,SLNF,Mineralization factor (0 to 1 scale),number,single,1,,,,,,,,,,,1,,,,,,,,,,,,,,,,,,
,,,,,,,,,,,,,,,,,,,,,,,,,,,,,,,,,,
SoilLayer,SLLB,Soil layer base depth,cm,single,SLLB,CLAY,SILT,SLOC,SLPHW,SLBDM,SSKS,SLLL,SLDUL,SLSAT,,SLLB,CLAY,SILT,SLCF,SLOC,SLPHW,SLBDM,SLLL,SLDUL,SLSAT,,,,,,,,,
SoilLayer,CLAY,"Soil texture, clay (<0.002 mm)",%,single,5,0.9,11.8,2,5.3,1.36,7.4,0.02,0.086,0.23,,5,10,30,0,0.7,6.5,1.61,0.052,0.176,0.359,,,,,,,,,
SoilLayer,SILT,"Soil texture, silt (0.05 to 0.002 mm)",%,single,15,0.9,11.8,1,5.4,1.4,7.4,0.023,0.086,0.23,,15,10,30,0,0.7,6.5,1.61,0.052,0.176,0.359,,,,,,,,,
SoilLayer,SLCF,"Soil texture, coarse fraction (>2 mm)",%,single,30,4.6,6.4,1,5.7,1.46,15.8,0.023,0.086,0.23,,30,10,30,0,0.66,6.5,1.61,0.052,0.176,0.359,,,,,,,,,
SoilLayer,SLOC,Organic carbon for a layer in profile description,%,single,45,5.8,5.4,0.5,5.8,1.46,28,0.023,0.086,0.23,,45,10,30,0,0.58,6.5,1.61,0.073,0.192,0.36,,,,,,,,,
SoilLayer,SLPHW,"pH of soil in water, from profile description",number,single,60,5.8,5.4,0.5,5.8,1.47,28,0.023,0.086,0.23,,60,10,30,0,0.58,6.5,1.61,0.073,0.192,0.36,,,,,,,,,
SoilLayer,SLBDM,Soil bulk density when moist for layer,g/cm3,single,90,9.6,4.2,0.1,5.9,1.43,27.6,0.021,0.076,0.23,,90,10,30,0,0.43,6.5,1.61,0.128,0.232,0.361,,,,,,,,,
SoilLayer,SKSAT,Saturated hydraulic conductivity,cm/h,single,120,9.6,4.2,0.1,5.9,1.48,17.5,0.02,0.076,0.23,,120,10,30,0,0.26,6.5,1.62,0.143,0.243,0.359,,,,,,,,,
SoilLayer,SLLL,"Soil water, lower limit",cm3/cm3,single,150,8.3,3.6,0.04,5.9,1.57,0.3,0.027,0.13,0.23,,150,10,30,0,0.12,6.5,1.62,0.138,0.243,0.36,,,,,,,,,
SoilLayer,SLDUL,"Soil water, drained upper limit",cm3/cm3,single,180,8.3,3.6,0.24,5.9,1.79,0.1,0.07,0.258,0.36,,180,10,30,0,0.04,6.5,1.62,0.138,0.244,0.361,,,,,,,,,
SoilLayer,SLSAT,"Soil water, saturated",cm3/cm3,single,,,,,,,,,,,,,,,,,,,,,,,,,,,,,,
,,,,,,,,,,,,,,,,,,,,,,,,,,,,,,,,,,
WeatherSta,WSTA_INSI,Institute and site code,code,text,UFGA,,,,,,,,,,,ITHY,,,,,,,,,,,,,,,,,,
WeatherSta,WSTA_NAME,Weather station name,text,text,"Gainesville, FL",,,,,,,,,,,Hyderabad India,,,,,,,,,,,,,,,,,,
WeatherSta,ELEV,Elevation of weather station,m,single,10,,,,,,,,,,,,,,,,,,,,,,,,,,,,,
WeatherSta,TAMP,"Temperature amplitude, of 12 monthly averages",C,single,7.5,,,,,,,,,,,5.4,,,,,,,,,,,,,,,,,,
WeatherSta,TAV,Temperature average for whole year,C,single,20.9,,,,,,,,,,,25.8,,,,,,,,,,,,,,,,,,
WeatherSta,REFHT,Reference height for weather measurement,m,single,2,,,,,,,,,,,2,,,,,,,,,,,,,,,,,,
WeatherSta,WNDHT,Reference height for windspeed measurement,m,single,3,,,,,,,,,,,3,,,,,,,,,,,,,,,,,,
WeatherDaily,W_DATE,Date for observed weather data,date,date,W_DATE,SRAD,TMAX,TMIN,RAIN,,,,,,,W_DATE,SRAD,TMAX,TMIN,RAIN,,,,,,,,,,,,,,
WeatherDaily,SRAD,Solar radiation,MJ/m2.d,single,1/1/82,5.9,24.4,15.6,19,,,,,,,1/1/80,18.8,28.8,14.6,0,,,,,,,,,,,,,,
WeatherDaily,TMAX,"Temperature of air, maximum",C,single,1/2/82,7,22.2,15,0,,,,,,,1/2/80,16.9,29.3,14.6,0,,,,,,,,,,,,,,
WeatherDaily,TMIN,"Temperature of air, minimum",C,single,1/3/82,9,27.8,17.2,0,,,,,,,1/3/80,13.6,29.4,16,0,,,,,,,,,,,,,,
WeatherDaily,RAIN,"Rainfall, including moisture in snow, in one day",mm/d,single,1/4/82,3.1,26.1,15,9.4,,,,,,,1/4/80,18.3,28.4,16.6,0,,,,,,,,,,,,,,
WeatherDaily,WIND,"Wind speed, daily",km/d,single,1/5/82,12.9,17.2,2.2,0,,,,,,,1/5/80,18.7,28.7,18.3,0,,,,,,,,,,,,,,
WeatherDaily,DEWP,"Temperature, dewpoint, daily average",C,single,1/6/82,11.4,25,4.4,0,,,,,,,1/6/80,17,28.7,18.2,0,,,,,,,,,,,,,,
WeatherDaily,VPRS,Vapor pressure,kPa,single,1/7/82,8.5,26.7,11.7,0,,,,,,,1/7/80,15.5,27.9,16.5,0,,,,,,,,,,,,,,
WeatherDaily,RHUM,Relative humidity at TMIN (or max rel. hum),%,single,1/8/82,3,22.8,14.4,5.3,,,,,,,1/8/80,14.5,27.5,16.3,0,,,,,,,,,,,,,,
,,,,,1/9/82,14.4,16.7,8.9,0,,,,,,,1/9/80,18.5,27.4,15.5,0,,,,,,,,,,,,,,
,,,,,1/10/82,12,14.4,1.1,0,,,,,,,1/10/80,18.7,27.8,12.8,0,,,,,,,,,,,,,,
,,,,,1/11/82,15,14.4,-6.7,0,,,,,,,1/11/80,13.7,28.4,14.4,0,,,,,,,,,,,,,,
,,,,,1/12/82,10.8,10,-7.8,0,,,,,,,1/12/80,18.8,29,15.8,0,,,,,,,,,,,,,,
,,,,,1/13/82,4.8,20,3.9,19.8,,,,,,,1/13/80,19.8,28.2,13.7,0,,,,,,,,,,,,,,
,,,,,1/14/82,6.2,18.9,6.1,81,,,,,,,1/14/80,18.8,28,13.5,0,,,,,,,,,,,,,,
,,,,,1/15/82,14.4,12.2,-3.3,0,,,,,,,1/15/80,21,28.3,12.4,0,,,,,,,,,,,,,,
,,,,,1/16/82,12.6,19.4,-1.7,0,,,,,,,1/16/80,20.8,28,13.5,0,,,,,,,,,,,,,,
,,,,,1/17/82,14.6,19.4,5.6,2.8,,,,,,,1/17/80,18.1,28,14,0,,,,,,,,,,,,,,
,,,,,1/18/82,11.2,20.6,1.1,0,,,,,,,1/18/80,19.1,28.5,14.5,0,,,,,,,,,,,,,,
,,,,,1/19/82,13.3,25.6,8.9,0,,,,,,,1/19/80,20.2,28.1,13.2,0,,,,,,,,,,,,,,
,,,,,1/20/82,13.4,27.8,8.3,0,,,,,,,1/20/80,20,28.9,13.7,0,,,,,,,,,,,,,,
,,,,,1/21/82,11.6,27.8,10,0,,,,,,,1/21/80,19.5,29.1,15.1,0,,,,,,,,,,,,,,
,,,,,1/22/82,10.7,25.6,12.2,0,,,,,,,1/22/80,15.5,29.9,15.4,0,,,,,,,,,,,,,,
,,,,,1/23/82,10.1,26.1,14.4,0,,,,,,,1/23/80,16.8,30.2,16.3,0,,,,,,,,,,,,,,
,,,,,1/24/82,12.9,23.9,10,0,,,,,,,1/24/80,18.7,30.2,15.2,0,,,,,,,,,,,,,,
,,,,,1/25/82,14.1,21.1,0,0,,,,,,,1/25/80,19.7,30,15.5,0,,,,,,,,,,,,,,
,,,,,1/26/82,14.2,20,4.4,0,,,,,,,1/26/80,19.9,29.8,15,0,,,,,,,,,,,,,,
,,,,,1/27/82,13.9,15.6,-1.1,0,,,,,,,1/27/80,18.4,29.8,17.5,0,,,,,,,,,,,,,,
,,,,,1/28/82,13.8,21.7,2.2,0,,,,,,,1/28/80,16.7,30.9,15.7,0,,,,,,,,,,,,,,
,,,,,1/29/82,13.3,22.2,3.3,0,,,,,,,1/29/80,18.8,30.7,13,0,,,,,,,,,,,,,,
,,,,,1/30/82,12.5,25.6,8.9,0,,,,,,,1/30/80,20.4,30,12.1,0,,,,,,,,,,,,,,
,,,,,1/31/82,12.6,28.9,13.3,0,,,,,,,1/31/80,20.5,29.4,16.4,0,,,,,,,,,,,,,,
,,,,,2/1/82,14,26.1,12.2,0.3,,,,,,,2/1/80,17.1,30.1,17,0,,,,,,,,,,,,,,
,,,,,2/2/82,7.6,26.7,12.8,2,,,,,,,2/2/80,20.4,30.7,17.8,0,,,,,,,,,,,,,,
,,,,,2/3/82,3.3,27.2,15.6,25.9,,,,,,,2/3/80,20.3,30.1,18,0,,,,,,,,,,,,,,
,,,,,2/4/82,12.5,24.4,14.4,1,,,,,,,2/4/80,18,29.9,17.4,0,,,,,,,,,,,,,,
,,,,,2/5/82,8.5,27.8,14.4,0,,,,,,,2/5/80,20.4,31.1,16.7,0,,,,,,,,,,,,,,
,,,,,2/6/82,6.3,26.7,17.2,0,,,,,,,2/6/80,21,30.3,15.4,0,,,,,,,,,,,,,,
,,,,,2/7/82,8,26.7,10.6,0,,,,,,,2/7/80,18.3,31.3,19.1,0,,,,,,,,,,,,,,
,,,,,2/8/82,12.5,25,10,0,,,,,,,2/8/80,19.5,31,17,0,,,,,,,,,,,,,,
,,,,,2/9/82,7.9,26.7,16.1,0,,,,,,,2/9/80,20,30.5,17.5,0,,,,,,,,,,,,,,
,,,,,2/10/82,4,25.6,14.4,0.8,,,,,,,2/10/80,20,31.8,17.2,0,,,,,,,,,,,,,,
,,,,,2/11/82,6.5,18.9,12.8,0,,,,,,,2/11/80,19.3,32,19.4,0,,,,,,,,,,,,,,
,,,,,2/12/82,7.4,25,10.6,0.8,,,,,,,2/12/80,20,30.8,18.6,0,,,,,,,,,,,,,,
,,,,,2/13/82,13.3,25.6,10.6,18,,,,,,,2/13/80,20.4,30.8,16.4,0,,,,,,,,,,,,,,
,,,,,2/14/82,16.1,26.1,5.6,0,,,,,,,2/14/80,20.7,31.4,18.2,0,,,,,,,,,,,,,,
,,,,,2/15/82,9.6,26.7,13.3,0,,,,,,,2/15/80,20.5,32.2,18.9,0,,,,,,,,,,,,,,
,,,,,2/16/82,10.8,27.8,16.1,67.3,,,,,,,2/16/80,20,32.8,17,0,,,,,,,,,,,,,,
,,,,,2/17/82,13.4,27.2,14.4,10.9,,,,,,,2/17/80,21.8,32.9,16,0,,,,,,,,,,,,,,
,,,,,2/18/82,17,26.1,11.1,0,,,,,,,2/18/80,16.2,33,18.6,0,,,,,,,,,,,,,,
,,,,,2/19/82,15.5,25.6,12.2,0,,,,,,,2/19/80,22.2,31.6,18.7,0,,,,,,,,,,,,,,
,,,,,2/20/82,16.9,25.6,10,0,,,,,,,2/20/80,21.5,33,18.7,0,,,,,,,,,,,,,,
,,,,,2/21/82,16.6,24.4,9.4,0,,,,,,,2/21/80,21.2,33.4,18.8,0,,,,,,,,,,,,,,
,,,,,2/22/82,17,21.1,7.8,0,,,,,,,2/22/80,18.6,33.5,17.8,0,,,,,,,,,,,,,,
,,,,,2/23/82,17.7,23.9,1.1,0,,,,,,,2/23/80,13.2,34,18.7,0,,,,,,,,,,,,,,
,,,,,2/24/82,17.5,26.7,3.3,0,,,,,,,2/24/80,21.9,35,16.6,0,,,,,,,,,,,,,,
,,,,,2/25/82,14.8,27.2,10.6,0,,,,,,,2/25/80,21.4,35.4,17.9,0,,,,,,,,,,,,,,
,,,,,2/26/82,3.4,26.7,11.1,0,,,,,,,2/26/80,22.1,35.4,19.4,0,,,,,,,,,,,,,,
,,,,,2/27/82,8.9,25.6,8.9,0,,,,,,,2/27/80,21.6,34.7,17.5,0,,,,,,,,,,,,,,
,,,,,2/28/82,9.3,24.4,15.6,0,,,,,,,2/28/80,20.9,34.8,19.3,0,,,,,,,,,,,,,,
,,,,,3/1/82,10.9,17.8,8.3,0,,,,,,,2/29/80,20.2,35.9,20,4,,,,,,,,,,,,,,
,,,,,3/2/82,18.4,22.8,1.7,0,,,,,,,3/1/80,23.3,36.1,18,0,,,,,,,,,,,,,,
,,,,,3/3/82,17.6,25,6.1,0,,,,,,,3/2/80,24.1,34.5,15.5,0,,,,,,,,,,,,,,
,,,,,3/4/82,16.2,28.3,9.4,0,,,,,,,3/3/80,24.1,33.2,15.7,0,,,,,,,,,,,,,,
,,,,,3/5/82,6.3,27.8,16.1,8.4,,,,,,,3/4/80,23.8,35.5,16.5,0,,,,,,,,,,,,,,
,,,,,3/6/82,10.3,25,16.1,35.1,,,,,,,3/5/80,23.8,36.2,17,0,,,,,,,,,,,,,,
,,,,,3/7/82,9,24.4,15,14.2,,,,,,,3/6/80,16,37.4,21.3,0,,,,,,,,,,,,,,
,,,,,3/8/82,19.8,16.7,1.1,0,,,,,,,3/7/80,15.1,35.6,21.2,0,,,,,,,,,,,,,,
,,,,,3/9/82,19.6,21.7,3.9,0,,,,,,,3/8/80,21.6,35.7,22.7,0,,,,,,,,,,,,,,
,,,,,3/10/82,16.1,25.6,10.6,0,,,,,,,3/9/80,23.6,34,18.4,0,,,,,,,,,,,,,,
,,,,,3/11/82,17.7,27.8,9.4,0,,,,,,,3/10/80,18.5,32.6,15.5,0,,,,,,,,,,,,,,
,,,,,3/12/82,20,28.9,11.1,0,,,,,,,3/11/80,21.4,33,21.5,0,,,,,,,,,,,,,,
,,,,,3/13/82,19,30.6,10,0,,,,,,,3/12/80,18.9,33.7,21.5,0,,,,,,,,,,,,,,
,,,,,3/14/82,18.4,31.7,15.6,0,,,,,,,3/13/80,23.3,33.4,20.9,8.6,,,,,,,,,,,,,,
,,,,,3/15/82,17.5,30,16.7,0,,,,,,,3/14/80,23.7,32.5,18,0,,,,,,,,,,,,,,
,,,,,3/16/82,15.9,30,16.1,0,,,,,,,3/15/80,24.1,32.2,19.2,0,,,,,,,,,,,,,,
,,,,,3/17/82,19.5,30.6,15.6,0,,,,,,,3/16/80,23,34.2,19.5,0,,,,,,,,,,,,,,
,,,,,3/18/82,17.4,31.7,17.2,0,,,,,,,3/17/80,24.5,34.6,19.7,0,,,,,,,,,,,,,,
,,,,,3/19/82,16.7,30.6,18.3,1.8,,,,,,,3/18/80,21.8,35.9,20.5,0,,,,,,,,,,,,,,
,,,,,3/20/82,17.4,30.6,18.9,0,,,,,,,3/19/80,23.9,35.5,19.5,0,,,,,,,,,,,,,,
,,,,,3/21/82,13.6,30,15.6,0,,,,,,,3/20/80,22.7,36.5,19.4,0,,,,,,,,,,,,,,
,,,,,3/22/82,10,28.3,17.2,0.3,,,,,,,3/21/80,21,36.8,20,0,,,,,,,,,,,,,,
,,,,,3/23/82,13.2,26.1,16.1,9.4,,,,,,,3/22/80,21.4,37,20.5,0,,,,,,,,,,,,,,
,,,,,3/24/82,4.3,26.1,16.1,4.3,,,,,,,3/23/80,22.2,37,22,0,,,,,,,,,,,,,,
,,,,,3/25/82,17,27.8,16.1,26.2,,,,,,,3/24/80,14.4,37.8,22.5,0,,,,,,,,,,,,,,
,,,,,3/26/82,18.8,26.7,14.4,2.8,,,,,,,3/25/80,22.2,37.5,21.7,0,,,,,,,,,,,,,,
,,,,,3/27/82,12.9,22.2,5.6,0,,,,,,,3/26/80,22.9,38,20.5,0,,,,,,,,,,,,,,
,,,,,3/28/82,3.8,15.6,8.9,9.7,,,,,,,3/27/80,24.7,36.3,22.6,0,,,,,,,,,,,,,,
,,,,,3/29/82,9.9,21.1,10,25.7,,,,,,,3/28/80,24.6,37.1,21.5,0,,,,,,,,,,,,,,
,,,,,3/30/82,21.5,26.1,13.3,0,,,,,,,3/29/80,18.5,35.8,22,0,,,,,,,,,,,,,,
,,,,,3/31/82,16.1,26.7,14.4,0,,,,,,,3/30/80,24.1,34.7,22.5,0,,,,,,,,,,,,,,
,,,,,4/1/82,21,30.6,12.8,0,,,,,,,3/31/80,18,37.5,22,8.6,,,,,,,,,,,,,,
,,,,,4/2/82,22.1,29.4,14.4,0,,,,,,,4/1/80,16.1,30.8,23.4,1.4,,,,,,,,,,,,,,
,,,,,4/3/82,11.4,28.9,17.8,0,,,,,,,4/2/80,23.1,33.4,23,0,,,,,,,,,,,,,,
,,,,,4/4/82,23.8,28.3,9.4,0,,,,,,,4/3/80,21.3,36.4,20.6,0,,,,,,,,,,,,,,
,,,,,4/5/82,18.9,29.4,11.1,0,,,,,,,4/4/80,24.9,34,22.4,0,,,,,,,,,,,,,,
,,,,,4/6/82,24.1,25.6,17.2,0,,,,,,,4/5/80,22.5,35.8,21.5,0,,,,,,,,,,,,,,
,,,,,4/7/82,25.1,22.2,6.7,0,,,,,,,4/6/80,24.9,36,23,0,,,,,,,,,,,,,,
,,,,,4/8/82,0.8,21.1,11.1,48,,,,,,,4/7/80,24.7,35.7,21.9,0,,,,,,,,,,,,,,
,,,,,4/9/82,8.8,23.3,17.2,98.8,,,,,,,4/8/80,21.2,35.4,22.6,0,,,,,,,,,,,,,,
,,,,,4/10/82,3.8,23.9,10.6,3.6,,,,,,,4/9/80,23.5,37.3,23,0,,,,,,,,,,,,,,
,,,,,4/11/82,23,20.6,8.9,42.7,,,,,,,4/10/80,24.4,38.5,25,0,,,,,,,,,,,,,,
,,,,,4/12/82,25.4,25,6.1,0,,,,,,,4/11/80,25.3,40.1,23.5,0,,,,,,,,,,,,,,
,,,,,4/13/82,21.6,28.3,11.7,0,,,,,,,4/12/80,22.4,40,25.2,0,,,,,,,,,,,,,,
,,,,,4/14/82,21.6,27.2,15,0,,,,,,,4/13/80,22,39.5,23.5,0,,,,,,,,,,,,,,
,,,,,4/15/82,16.6,28.3,15,0,,,,,,,4/14/80,22.4,39.8,24.9,0,,,,,,,,,,,,,,
,,,,,4/16/82,20.7,30.6,17.8,0,,,,,,,4/15/80,22.8,40.2,25.4,0,,,,,,,,,,,,,,
,,,,,4/17/82,21,31.1,19.4,0.5,,,,,,,4/16/80,24.2,39,22.5,2.6,,,,,,,,,,,,,,
,,,,,4/18/82,18.9,30,18.9,0.5,,,,,,,4/17/80,21.9,36.4,20.9,0,,,,,,,,,,,,,,
,,,,,4/19/82,21.6,30,15,0,,,,,,,4/18/80,19,36.6,27.2,0,,,,,,,,,,,,,,
,,,,,4/20/82,20.7,31.1,18.9,0,,,,,,,4/19/80,25.8,37.8,24.8,0,,,,,,,,,,,,,,
,,,,,4/21/82,24.3,32.2,17.2,0,,,,,,,4/20/80,24.4,38.7,24.7,0,,,,,,,,,,,,,,
,,,,,4/22/82,23.7,31.7,17.8,0,,,,,,,4/21/80,24.5,39.4,27.3,0,,,,,,,,,,,,,,
,,,,,4/23/82,8.6,31.1,15.6,0,,,,,,,4/22/80,23.2,40.2,27.9,0,,,,,,,,,,,,,,
,,,,,4/24/82,7.5,22.2,13.9,0,,,,,,,4/23/80,11.7,41.6,26,2.6,,,,,,,,,,,,,,
,,,,,4/25/82,7.7,25.6,16.7,4.3,,,,,,,4/24/80,24.6,35.8,24.7,0,,,,,,,,,,,,,,
,,,,,4/26/82,10.7,25.6,19.4,23.1,,,,,,,4/25/80,23.3,40,28.4,0,,,,,,,,,,,,,,
,,,,,4/27/82,23.4,29.4,15.6,0.3,,,,,,,4/26/80,13.2,41.2,27.7,0,,,,,,,,,,,,,,
,,,,,4/28/82,23.7,28.9,13.3,0,,,,,,,4/27/80,21.9,41,27.2,0,,,,,,,,,,,,,,
,,,,,4/29/82,18.5,27.2,14.4,0,,,,,,,4/28/80,13.9,40.1,28.3,0,,,,,,,,,,,,,,
,,,,,4/30/82,20.7,26.7,15.6,0,,,,,,,4/29/80,25.9,37.5,25,0,,,,,,,,,,,,,,
,,,,,5/1/82,18.2,26.7,15.6,0,,,,,,,4/30/80,26.3,39.4,23.5,0,,,,,,,,,,,,,,
,,,,,5/2/82,19.9,27.8,15,0,,,,,,,5/1/80,16,38,28.9,0,,,,,,,,,,,,,,
,,,,,5/3/82,21.8,28.9,15,0,,,,,,,5/2/80,28.3,38.7,24.4,0,,,,,,,,,,,,,,
,,,,,5/4/82,23.6,28.9,12.8,0,,,,,,,5/3/80,27.5,38.5,25.3,0,,,,,,,,,,,,,,
,,,,,5/5/82,24.4,28.3,14.4,0,,,,,,,5/4/80,22.1,38.9,27,0,,,,,,,,,,,,,,
,,,,,5/6/82,21.7,27.8,12.2,0,,,,,,,5/5/80,26,40.5,23.9,10.4,,,,,,,,,,,,,,
,,,,,5/7/82,23.6,28.9,11.7,0,,,,,,,5/6/80,25.2,40.5,27.9,0.5,,,,,,,,,,,,,,
,,,,,5/8/82,18.2,29.4,17.8,1,,,,,,,5/7/80,24.6,40.2,25.4,0,,,,,,,,,,,,,,
,,,,,5/9/82,26.3,29.4,15,0,,,,,,,5/8/80,25.9,41,28,0,,,,,,,,,,,,,,
,,,,,5/10/82,26.3,29.4,13.3,0,,,,,,,5/9/80,22.6,41.2,25.3,0,,,,,,,,,,,,,,
,,,,,5/11/82,24.9,30,11.1,0,,,,,,,5/10/80,28.2,39.4,25.7,0,,,,,,,,,,,,,,
,,,,,5/12/82,23.5,31.1,13.3,0,,,,,,,5/11/80,27.3,40.1,26.9,0,,,,,,,,,,,,,,
,,,,,5/13/82,24.2,30.6,13.3,0,,,,,,,5/12/80,21.9,40.7,27,0,,,,,,,,,,,,,,
,,,,,5/14/82,26.7,31.1,12.8,0,,,,,,,5/13/80,24.8,40,24.4,0,,,,,,,,,,,,,,
,,,,,5/15/82,23.9,32.2,15.6,0,,,,,,,5/14/80,25.4,39.8,25.3,0,,,,,,,,,,,,,,
,,,,,5/16/82,22.8,33.3,15.6,0,,,,,,,5/15/80,23.9,39.5,24.5,7.2,,,,,,,,,,,,,,
,,,,,5/17/82,22.7,32.8,15.6,0,,,,,,,5/16/80,23,39,25.7,0,,,,,,,,,,,,,,
,,,,,5/18/82,21.5,31.1,16.7,0,,,,,,,5/17/80,23.7,41,26.4,0,,,,,,,,,,,,,,
,,,,,5/19/82,22.4,30.6,16.7,0,,,,,,,5/18/80,26.1,40.2,29.3,0,,,,,,,,,,,,,,
,,,,,5/20/82,22.5,31.7,16.1,0,,,,,,,5/19/80,27.4,41,24.5,0,,,,,,,,,,,,,,
,,,,,5/21/82,22.6,32.2,16.1,0,,,,,,,5/20/80,21.9,41.2,27.7,0,,,,,,,,,,,,,,
,,,,,5/22/82,17.4,32.8,16.7,2,,,,,,,5/21/80,25.9,40.9,25.2,0,,,,,,,,,,,,,,
,,,,,5/23/82,13.2,33.3,20,35.1,,,,,,,5/22/80,26.5,41.5,23.6,0,,,,,,,,,,,,,,
,,,,,5/24/82,21.5,32.8,18.9,3.6,,,,,,,5/23/80,26.9,41.5,24,0,,,,,,,,,,,,,,
,,,,,5/25/82,20.3,32.8,20,2.5,,,,,,,5/24/80,28.1,42,27.4,0,,,,,,,,,,,,,,
,,,,,5/26/82,15,31.7,20.6,1,,,,,,,5/25/80,22.8,41.5,27.8,0,,,,,,,,,,,,,,
,,,,,5/27/82,18.2,32.2,21.1,0,,,,,,,5/26/80,12.2,41,25.4,0,,,,,,,,,,,,,,
,,,,,5/28/82,22.1,33.3,20.6,4.3,,,,,,,5/27/80,22.8,41.9,26.2,0,,,,,,,,,,,,,,
,,,,,5/29/82,19.3,34.4,22.2,0,,,,,,,5/28/80,19,41.4,28.6,0,,,,,,,,,,,,,,
,,,,,5/30/82,7,32.2,22.8,5.6,,,,,,,5/29/80,25.1,40.2,26,0,,,,,,,,,,,,,,
,,,,,5/31/82,11.8,30,20.6,23.9,,,,,,,5/30/80,23.2,40,26.3,0,,,,,,,,,,,,,,
,,,,,6/1/82,20,31.1,21.1,15.2,,,,,,,5/31/80,22.1,40.8,27.8,0,,,,,,,,,,,,,,
,,,,,6/2/82,24.9,33.3,20,0,,,,,,,6/1/80,20.3,40,24.7,2.2,,,,,,,,,,,,,,
,,,,,6/3/82,15.8,33.3,22.8,1.8,,,,,,,6/2/80,16.5,36.3,22.8,11.8,,,,,,,,,,,,,,
,,,,,6/4/82,21.6,33.3,22.2,0,,,,,,,6/3/80,13.2,32.5,24.4,2.2,,,,,,,,,,,,,,
,,,,,6/5/82,23.8,33.9,18.3,0,,,,,,,6/4/80,16.7,30.1,23.7,4.4,,,,,,,,,,,,,,
,,,,,6/6/82,26.5,34.4,18.3,0,,,,,,,6/5/80,18.4,33.8,23.5,4.2,,,,,,,,,,,,,,
,,,,,6/7/82,26.9,33.9,18.3,0,,,,,,,6/6/80,21.6,35.5,24,2,,,,,,,,,,,,,,
,,,,,6/8/82,26.3,34.4,17.2,0,,,,,,,6/7/80,22.9,35.2,23.6,0,,,,,,,,,,,,,,
,,,,,6/9/82,24.4,34.4,19.4,0,,,,,,,6/8/80,22.9,33.8,24.1,0,,,,,,,,,,,,,,
,,,,,6/10/82,25.5,34.4,21.1,0,,,,,,,6/9/80,16.2,35.1,24.5,0.6,,,,,,,,,,,,,,
,,,,,6/11/82,23.6,35,19.4,0,,,,,,,6/10/80,10.5,35,23.4,2.4,,,,,,,,,,,,,,
,,,,,6/12/82,15.2,31.1,20,50.8,,,,,,,6/11/80,22.3,33,24.2,0,,,,,,,,,,,,,,
,,,,,6/13/82,21.1,33.3,21.1,0,,,,,,,6/12/80,18.8,36.6,22,47.2,,,,,,,,,,,,,,
,,,,,6/14/82,25.5,33.3,18.3,0,,,,,,,6/13/80,17.4,30.7,23.4,0,,,,,,,,,,,,,,
,,,,,6/15/82,23.2,33.9,20.6,0,,,,,,,6/14/80,16.8,33.4,23.8,5.4,,,,,,,,,,,,,,
,,,,,6/16/82,25.5,33.9,22.2,0,,,,,,,6/15/80,10.1,33,23.4,30.4,,,,,,,,,,,,,,
,,,,,6/17/82,6,31.1,21.1,8.1,,,,,,,6/16/80,9.8,28.4,22.6,22.4,,,,,,,,,,,,,,
,,,,,6/18/82,13.5,27.8,21.1,70.1,,,,,,,6/17/80,19,27.8,23.2,0.8,,,,,,,,,,,,,,
,,,,,6/19/82,24.3,33.3,20,0,,,,,,,6/18/80,21.7,32.4,23.5,0,,,,,,,,,,,,,,
,,,,,6/20/82,25.9,33.9,21.1,0,,,,,,,6/19/80,20.4,33.7,24.5,0,,,,,,,,,,,,,,
,,,,,6/21/82,20.9,32.8,20,3.3,,,,,,,6/20/80,24.9,34.8,24.4,0,,,,,,,,,,,,,,
,,,,,6/22/82,18.5,28.3,23.3,2,,,,,,,6/21/80,22.1,35,24,0,,,,,,,,,,,,,,
,,,,,6/23/82,11.7,27.8,21.7,26.9,,,,,,,6/22/80,13.8,35.9,24.3,0,,,,,,,,,,,,,,
,,,,,6/24/82,18.6,30.6,22.2,6.4,,,,,,,6/23/80,18.5,33,24.5,0,,,,,,,,,,,,,,
,,,,,6/25/82,22.9,32.2,19.4,10.9,,,,,,,6/24/80,12.8,34.2,24.6,0,,,,,,,,,,,,,,
,,,,,6/26/82,10.5,31.7,21.7,23.4,,,,,,,6/25/80,17.4,28.5,23.5,0,,,,,,,,,,,,,,
,,,,,6/27/82,24.6,32.2,21.1,1.8,,,,,,,6/26/80,17.5,34.6,23.7,4.6,,,,,,,,,,,,,,
,,,,,6/28/82,24.6,32.8,21.7,0,,,,,,,6/27/80,17.2,33.9,24,0,,,,,,,,,,,,,,
,,,,,6/29/82,24.8,33.3,22.2,0,,,,,,,6/28/80,15.1,34.9,24.2,0,,,,,,,,,,,,,,
,,,,,6/30/82,16,32.8,22.8,1.3,,,,,,,6/29/80,14.4,33.2,23.8,0.3,,,,,,,,,,,,,,
,,,,,7/1/82,23.7,33.9,22.2,0,,,,,,,6/30/80,10.8,33.2,24.3,0,,,,,,,,,,,,,,
,,,,,7/2/82,18.7,33.9,23.9,0,,,,,,,7/1/80,10,32,22,20.8,,,,,,,,,,,,,,
,,,,,7/3/82,24.6,35,21.1,0,,,,,,,7/2/80,6.2,28.9,22.9,5,,,,,,,,,,,,,,
,,,,,7/4/82,21.1,35,22.2,0,,,,,,,7/3/80,9.6,24.2,22.5,3.4,,,,,,,,,,,,,,
,,,,,7/5/82,23.7,34.4,21.1,0,,,,,,,7/4/80,22.1,27.7,22.3,0,,,,,,,,,,,,,,
,,,,,7/6/82,19,32.2,20.6,4.1,,,,,,,7/5/80,23.3,33.4,23.2,0,,,,,,,,,,,,,,
,,,,,7/7/82,16,31.7,21.1,4.8,,,,,,,7/6/80,18.5,33.2,23.3,1,,,,,,,,,,,,,,
,,,,,7/8/82,19.8,32.2,21.1,1.3,,,,,,,7/7/80,19,33.3,23.3,2.4,,,,,,,,,,,,,,
,,,,,7/9/82,13.7,32.2,22.2,7.1,,,,,,,7/8/80,15.2,32.6,23.5,0,,,,,,,,,,,,,,
,,,,,7/10/82,17.4,32.8,21.7,1.3,,,,,,,7/9/80,17.7,32.5,23,0,,,,,,,,,,,,,,
,,,,,7/11/82,18.3,32.8,21.1,0,,,,,,,7/10/80,18,31.2,23,0.5,,,,,,,,,,,,,,
,,,,,7/12/82,21,32.8,21.1,2.3,,,,,,,7/11/80,12,32.5,22.7,1.8,,,,,,,,,,,,,,
,,,,,7/13/82,23.2,33.9,22.2,0,,,,,,,7/12/80,14.6,30.8,22.7,4.6,,,,,,,,,,,,,,
,,,,,7/14/82,25.4,34.4,22.2,0,,,,,,,7/13/80,14.3,31.1,24,0.2,,,,,,,,,,,,,,
,,,,,7/15/82,18.3,33.9,23.3,55.9,,,,,,,7/14/80,22,30.7,23.3,4.6,,,,,,,,,,,,,,
,,,,,7/16/82,14.9,32.8,22.8,1,,,,,,,7/15/80,9,32.7,23.7,0,,,,,,,,,,,,,,
,,,,,7/17/82,13.6,31.1,22.8,0,,,,,,,7/16/80,9,29.3,24,0,,,,,,,,,,,,,,
,,,,,7/18/82,14.3,32.2,22.8,2.5,,,,,,,7/17/80,18.7,30.1,24,0,,,,,,,,,,,,,,
,,,,,7/19/82,17,32.2,22.2,30,,,,,,,7/18/80,22.9,34,23.2,0,,,,,,,,,,,,,,
,,,,,7/20/82,10.9,31.1,21.7,20.8,,,,,,,7/19/80,22.3,33.9,23.3,0,,,,,,,,,,,,,,
,,,,,7/21/82,13.2,31.1,21.1,1.5,,,,,,,7/20/80,10.8,34,23.2,1.6,,,,,,,,,,,,,,
,,,,,7/22/82,17.9,31.1,22.2,0.3,,,,,,,7/21/80,13.5,30.6,22.6,2.6,,,,,,,,,,,,,,
,,,,,7/23/82,16.1,32.8,22.8,16,,,,,,,7/22/80,17.2,31.1,22.7,10.8,,,,,,,,,,,,,,
,,,,,7/24/82,18.4,32.2,21.7,4.1,,,,,,,7/23/80,9.6,31,22,21.6,,,,,,,,,,,,,,
,,,,,7/25/82,19.7,33.3,21.7,0,,,,,,,7/24/80,8.6,26.6,22,3,,,,,,,,,,,,,,
,,,,,7/26/82,19.4,33.9,22.2,0.8,,,,,,,7/25/80,7.2,26.4,21.5,10.7,,,,,,,,,,,,,,
,,,,,7/27/82,5.2,34.4,23.3,10.7,,,,,,,7/26/80,13.6,24.5,21.9,10,,,,,,,,,,,,,,
,,,,,7/28/82,9.5,27.8,22.8,7.4,,,,,,,7/27/80,9.3,27.3,22.1,1.8,,,,,,,,,,,,,,
,,,,,7/29/82,14.9,31.7,22.8,0,,,,,,,7/28/80,22.1,27,21.6,1.4,,,,,,,,,,,,,,
,,,,,7/30/82,19.4,32.8,21.7,0,,,,,,,7/29/80,9.3,31.1,22.6,0,,,,,,,,,,,,,,
,,,,,7/31/82,20.1,33.9,21.1,0,,,,,,,7/30/80,11.4,28.2,22.3,19,,,,,,,,,,,,,,
,,,,,8/1/82,23.5,33.9,23.3,0,,,,,,,7/31/80,21.1,27.2,22.5,0.2,,,,,,,,,,,,,,
,,,,,8/2/82,9.6,32.8,22.8,13,,,,,,,8/1/80,14.4,29.4,22.2,0,,,,,,,,,,,,,,
,,,,,8/3/82,22.5,32.2,22.8,20.1,,,,,,,8/2/80,5.1,28.8,21.9,16.4,,,,,,,,,,,,,,
,,,,,8/4/82,21,32.2,20.6,0,,,,,,,8/3/80,9,23.8,21.7,5.1,,,,,,,,,,,,,,
,,,,,8/5/82,14.7,32.2,21.7,0,,,,,,,8/4/80,19.1,25.9,21.5,0.8,,,,,,,,,,,,,,
,,,,,8/6/82,18.5,32.2,21.1,4.1,,,,,,,8/5/80,10.2,29.5,22,4.2,,,,,,,,,,,,,,
,,,,,8/7/82,23,33.9,21.7,0.3,,,,,,,8/6/80,16.9,28.1,21.5,33.2,,,,,,,,,,,,,,
,,,,,8/8/82,21,33.9,26.1,0,,,,,,,8/7/80,10.4,28.7,21.7,1.4,,,,,,,,,,,,,,
,,,,,8/9/82,17.1,32.8,22.8,1.3,,,,,,,8/8/80,19,26.5,21.7,0.9,,,,,,,,,,,,,,
,,,,,8/10/82,16.6,33.3,23.3,0,,,,,,,8/9/80,12.3,28.9,22,0,,,,,,,,,,,,,,
,,,,,8/11/82,25.6,33.3,18.9,0,,,,,,,8/10/80,8.4,28.5,22.4,0.7,,,,,,,,,,,,,,
,,,,,8/12/82,19,33.3,20.6,0.3,,,,,,,8/11/80,12.9,27.3,22.5,0,,,,,,,,,,,,,,
,,,,,8/13/82,16.1,32.2,20.6,0.8,,,,,,,8/12/80,22,28.7,21.7,1,,,,,,,,,,,,,,
,,,,,8/14/82,16.4,31.7,22.2,0,,,,,,,8/13/80,20.2,30.8,22.7,10,,,,,,,,,,,,,,
,,,,,8/15/82,20.3,35,20.6,0.8,,,,,,,8/14/80,16,30,23,2.6,,,,,,,,,,,,,,
,,,,,8/16/82,20.3,33.9,21.1,0,,,,,,,8/15/80,20.5,30.7,22,0.4,,,,,,,,,,,,,,
,,,,,8/17/82,19,32.2,22.2,13.7,,,,,,,8/16/80,17.9,32,22.6,6,,,,,,,,,,,,,,
,,,,,8/18/82,16.6,26.7,20.6,3.3,,,,,,,8/17/80,18.7,30.2,21.5,8.2,,,,,,,,,,,,,,
,,,,,8/19/82,7.9,28.3,21.7,20.3,,,,,,,8/18/80,13.7,30,23.2,2.4,,,,,,,,,,,,,,
,,,,,8/20/82,20.4,32.2,21.1,0,,,,,,,8/19/80,7.8,29.5,21.5,117.5,,,,,,,,,,,,,,
,,,,,8/21/82,11.8,32.2,21.7,5.1,,,,,,,8/20/80,5.6,27,22.1,73.2,,,,,,,,,,,,,,
,,,,,8/22/82,16.6,32.2,22.2,1.3,,,,,,,8/21/80,16.2,24,21.6,14.3,,,,,,,,,,,,,,
,,,,,8/23/82,15.2,31.7,22.2,64.5,,,,,,,8/22/80,8.4,28.6,21.4,6.2,,,,,,,,,,,,,,
,,,,,8/24/82,18.9,33.3,22.8,1.3,,,,,,,8/23/80,12.6,25.6,20.7,1.4,,,,,,,,,,,,,,
,,,,,8/25/82,18.8,33.3,22.2,0,,,,,,,8/24/80,19.7,26.9,21.3,0,,,,,,,,,,,,,,
,,,,,8/26/82,21.4,35.6,23.9,0,,,,,,,8/25/80,16,29.7,22.1,0,,,,,,,,,,,,,,
,,,,,8/27/82,11,35.6,22.8,3.6,,,,,,,8/26/80,19.5,29.9,22,0,,,,,,,,,,,,,,
,,,,,8/28/82,18.6,35,22.2,0,,,,,,,8/27/80,19.6,29.6,21.8,0,,,,,,,,,,,,,,
,,,,,8/29/82,15.8,35,22.2,3.6,,,,,,,8/28/80,20.1,30.2,21.5,0,,,,,,,,,,,,,,
,,,,,8/30/82,22.5,31.1,21.1,0,,,,,,,8/29/80,20.4,29,21.8,0,,,,,,,,,,,,,,
,,,,,8/31/82,21.1,32.2,20.6,0,,,,,,,8/30/80,20.4,30.2,21,0,,,,,,,,,,,,,,
,,,,,9/1/82,13.2,32.2,20.6,0,,,,,,,8/31/80,16.8,30.5,22.5,0,,,,,,,,,,,,,,
,,,,,9/2/82,15.6,33.3,18.3,0,,,,,,,9/1/80,15.7,30,22.8,0,,,,,,,,,,,,,,
,,,,,9/3/82,16.9,34.4,22.2,0,,,,,,,9/2/80,7.8,29.3,21.9,34.3,,,,,,,,,,,,,,
,,,,,9/4/82,17,34.4,22.2,0,,,,,,,9/3/80,4.2,26.8,21.7,24.2,,,,,,,,,,,,,,
,,,,,9/5/82,12.2,33.9,21.7,11.9,,,,,,,9/4/80,6.8,24,21.5,5.1,,,,,,,,,,,,,,
,,,,,9/6/82,9,34.4,21.1,2,,,,,,,9/5/80,14,25.4,22,0.3,,,,,,,,,,,,,,
,,,,,9/7/82,11.1,30,20,0,,,,,,,9/6/80,19.3,28.7,21.8,27.6,,,,,,,,,,,,,,
,,,,,9/8/82,9.6,30.6,20.6,19,,,,,,,9/7/80,22.4,28.2,21.2,0,,,,,,,,,,,,,,
,,,,,9/9/82,7.1,30,21.1,39.9,,,,,,,9/8/80,22.9,29.8,20,0,,,,,,,,,,,,,,
,,,,,9/10/82,5.5,30,21.1,24.1,,,,,,,9/9/80,23.3,30,21.5,0,,,,,,,,,,,,,,
,,,,,9/11/82,13.4,32.8,21.7,7.6,,,,,,,9/10/80,22.9,29.9,21,0,,,,,,,,,,,,,,
,,,,,9/12/82,14.6,33.3,22.8,0,,,,,,,9/11/80,16.7,30.9,23,0,,,,,,,,,,,,,,
,,,,,9/13/82,14.5,33.3,22.8,2.5,,,,,,,9/12/80,11.9,30.5,22.8,0,,,,,,,,,,,,,,
,,,,,9/14/82,12.3,32.8,22.2,1.8,,,,,,,9/13/80,15.3,29.2,21.7,8.2,,,,,,,,,,,,,,
,,,,,9/15/82,13,32.2,19.4,0,,,,,,,9/14/80,22.6,28.6,20.8,0,,,,,,,,,,,,,,
,,,,,9/16/82,12.6,32.8,21.7,0,,,,,,,9/15/80,18.8,31.1,20.9,0,,,,,,,,,,,,,,
,,,,,9/17/82,13.9,32.8,21.7,0,,,,,,,9/16/80,17.1,28.1,21.5,6.8,,,,,,,,,,,,,,
,,,,,9/18/82,12.2,32.8,21.1,0,,,,,,,9/17/80,19.1,29,21.5,8.5,,,,,,,,,,,,,,
,,,,,9/19/82,12.2,32.8,21.1,15.7,,,,,,,9/18/80,18.3,30.2,20.6,15.4,,,,,,,,,,,,,,
,,,,,9/20/82,11.1,31.7,21.1,7.4,,,,,,,9/19/80,16.2,31.1,22.8,0,,,,,,,,,,,,,,
,,,,,9/21/82,5.2,29.4,21.1,12.7,,,,,,,9/20/80,13.2,30.5,22.5,2,,,,,,,,,,,,,,
,,,,,9/22/82,11.4,27.8,19.4,0,,,,,,,9/21/80,14.4,30.5,23.2,0,,,,,,,,,,,,,,
,,,,,9/23/82,8.9,27.2,15,0,,,,,,,9/22/80,21.3,30.6,20.7,12.8,,,,,,,,,,,,,,
,,,,,9/24/82,11.2,30,17.8,0,,,,,,,9/23/80,17.1,31,21.9,0,,,,,,,,,,,,,,
,,,,,9/25/82,5,28.9,20,8.9,,,,,,,9/24/80,21.2,30.6,21.8,8,,,,,,,,,,,,,,
,,,,,9/26/82,7.6,25,16.7,24.1,,,,,,,9/25/80,22.7,30.3,22.3,0,,,,,,,,,,,,,,
,,,,,9/27/82,15.6,28.9,14.4,0,,,,,,,9/26/80,23.9,31,21,0,,,,,,,,,,,,,,
,,,,,9/28/82,13.9,29.4,16.7,0,,,,,,,9/27/80,23.9,31.7,21.5,0,,,,,,,,,,,,,,
,,,,,9/29/82,12.1,29.4,18.3,0,,,,,,,9/28/80,23,32.3,22.8,0,,,,,,,,,,,,,,
,,,,,9/30/82,6.7,28.9,21.1,2.5,,,,,,,9/29/80,23.2,32.4,22.5,0,,,,,,,,,,,,,,
,,,,,10/1/82,8,26.7,21.7,0,,,,,,,9/30/80,19.9,32,22.8,0,,,,,,,,,,,,,,
,,,,,10/2/82,10,28.3,19.4,0,,,,,,,10/1/80,23.5,31.6,21.5,0,,,,,,,,,,,,,,
,,,,,10/3/82,19,30,18.3,0,,,,,,,10/2/80,23.3,32.5,19.3,0,,,,,,,,,,,,,,
,,,,,10/4/82,16,31.7,20.6,0,,,,,,,10/3/80,23.1,32.3,17.3,0,,,,,,,,,,,,,,
,,,,,10/5/82,9,31.1,22.8,0,,,,,,,10/4/80,20.8,33,20.5,0,,,,,,,,,,,,,,
,,,,,10/6/82,16,31.1,21.7,13,,,,,,,10/5/80,23.9,32.8,19,0,,,,,,,,,,,,,,
,,,,,10/7/82,13,30,21.1,0,,,,,,,10/6/80,23.4,32.9,16.9,0,,,,,,,,,,,,,,
,,,,,10/8/82,17,31.7,17.2,0,,,,,,,10/7/80,23.6,33.2,17,0,,,,,,,,,,,,,,
,,,,,10/9/82,15,31.7,18.9,0,,,,,,,10/8/80,22.9,33,18,0,,,,,,,,,,,,,,
,,,,,10/10/82,15,32.8,20,0,,,,,,,10/9/80,22.7,33.4,18.5,0,,,,,,,,,,,,,,
,,,,,10/11/82,13,32.2,21.7,0,,,,,,,10/10/80,22.9,33.4,21.1,0,,,,,,,,,,,,,,
,,,,,10/12/82,11,29.4,21.7,0,,,,,,,10/11/80,22.2,32.2,20,0,,,,,,,,,,,,,,
,,,,,10/13/82,14,30.6,18.9,0,,,,,,,10/12/80,21.3,33,19,0,,,,,,,,,,,,,,
,,,,,10/14/82,10,28.9,16.7,0,,,,,,,10/13/80,22.5,33.4,20.1,0,,,,,,,,,,,,,,
,,,,,10/15/82,15,27.8,11.7,0,,,,,,,10/14/80,23,33.5,18.3,0,,,,,,,,,,,,,,
,,,,,10/16/82,9,26.1,10,0,,,,,,,10/15/80,23,32.5,17,0,,,,,,,,,,,,,,
,,,,,10/17/82,14,26.7,13.3,0,,,,,,,10/16/80,21.3,32.2,15.3,0,,,,,,,,,,,,,,
,,,,,10/18/82,6,25.6,15,0,,,,,,,10/17/80,16.9,32.5,17.1,0,,,,,,,,,,,,,,
,,,,,10/19/82,14,28.3,16.1,0,,,,,,,10/18/80,8.5,30.9,19.5,6.3,,,,,,,,,,,,,,
,,,,,10/20/82,13,30,16.7,0,,,,,,,10/19/80,11.5,26,19.4,0,,,,,,,,,,,,,,
,,,,,10/21/82,14,30,15,0,,,,,,,10/20/80,15.9,29,22.5,0,,,,,,,,,,,,,,
,,,,,10/22/82,11,29.4,16.1,0,,,,,,,10/21/80,19.2,29.8,20.4,0,,,,,,,,,,,,,,
,,,,,10/23/82,2,27.8,14.4,16.5,,,,,,,10/22/80,21.7,31.3,19.4,0,,,,,,,,,,,,,,
,,,,,10/24/82,14,18.9,8.9,1.3,,,,,,,10/23/80,22.1,31.4,16.4,0,,,,,,,,,,,,,,
,,,,,10/25/82,16,20.6,5.6,0,,,,,,,10/24/80,21.8,32.8,16.7,0,,,,,,,,,,,,,,
,,,,,10/26/82,15,22.8,6.1,0,,,,,,,10/25/80,20.4,32,17.5,0,,,,,,,,,,,,,,
,,,,,10/27/82,15,23.9,7.2,0,,,,,,,10/26/80,20.9,32,18.7,0,,,,,,,,,,,,,,
,,,,,10/28/82,14,25.6,11.7,0,,,,,,,10/27/80,21,32.4,18,0,,,,,,,,,,,,,,
,,,,,10/29/82,14,27.8,13.3,0,,,,,,,10/28/80,21.4,31.7,16,0,,,,,,,,,,,,,,
,,,,,10/30/82,9,27.8,16.1,0,,,,,,,10/29/80,21.1,31.2,16,0,,,,,,,,,,,,,,
,,,,,10/31/82,7,27.8,18.9,0,,,,,,,10/30/80,21.7,32,16.5,0,,,,,,,,,,,,,,
,,,,,11/1/82,11,29.4,20,0.3,,,,,,,10/31/80,21.5,31.6,14.7,0,,,,,,,,,,,,,,
,,,,,11/2/82,9,29.4,20.6,0,,,,,,,11/1/80,21.2,31.5,15.1,0,,,,,,,,,,,,,,
,,,,,11/3/82,9,28.9,19.4,21.6,,,,,,,11/2/80,21,30.7,15.3,0,,,,,,,,,,,,,,
,,,,,11/4/82,9,26.7,17.8,16.5,,,,,,,11/3/80,21.1,31,12.5,0,,,,,,,,,,,,,,
,,,,,11/5/82,10,18.3,7.2,0,,,,,,,11/4/80,21.1,30.4,13.2,0,,,,,,,,,,,,,,
,,,,,11/6/82,12,18.9,2.2,0,,,,,,,11/5/80,19.9,30.5,13.8,0,,,,,,,,,,,,,,
,,,,,11/7/82,12,21.1,7.8,0,,,,,,,11/6/80,20.1,31,16.7,0,,,,,,,,,,,,,,
,,,,,11/8/82,13,24.4,12.8,0,,,,,,,11/7/80,20.1,31,15.1,0,,,,,,,,,,,,,,
,,,,,11/9/82,11,25,12.8,0,,,,,,,11/8/80,20.1,31.7,16.6,0,,,,,,,,,,,,,,
,,,,,11/10/82,12,25.6,10.6,0,,,,,,,11/9/80,20.9,30.4,13.6,0,,,,,,,,,,,,,,
,,,,,11/11/82,8,26.7,15.6,0,,,,,,,11/10/80,22.3,29.5,11.6,0,,,,,,,,,,,,,,
,,,,,11/12/82,7,27.8,14.4,0,,,,,,,11/11/80,14.6,28.8,19.2,0,,,,,,,,,,,,,,
,,,,,11/13/82,11,31.1,13.3,3.6,,,,,,,11/12/80,13.4,29.5,20.3,0.3,,,,,,,,,,,,,,
,,,,,11/14/82,12,25,6.7,0,,,,,,,11/13/80,8.4,29.1,20.8,0,,,,,,,,,,,,,,
,,,,,11/15/82,10,23.9,15,0,,,,,,,11/14/80,12.4,25.8,21.4,0,,,,,,,,,,,,,,
,,,,,11/16/82,11,23.9,9.4,0,,,,,,,11/15/80,10.6,28.5,21,0,,,,,,,,,,,,,,
,,,,,11/17/82,13,26.7,15.6,0,,,,,,,11/16/80,12.7,27.9,21.5,0,,,,,,,,,,,,,,
,,,,,11/18/82,13,28.3,17.8,0,,,,,,,11/17/80,17.6,29.5,20.2,0,,,,,,,,,,,,,,
,,,,,11/19/82,11,26.7,17.8,0,,,,,,,11/18/80,17,30.4,19.5,0,,,,,,,,,,,,,,
,,,,,11/20/82,12,25.6,17.2,0,,,,,,,11/19/80,17.2,30.6,18.2,0,,,,,,,,,,,,,,
,,,,,11/21/82,14,27.2,17.2,0,,,,,,,11/20/80,18.5,30.4,19.5,0,,,,,,,,,,,,,,
,,,,,11/22/82,13,26.1,18.3,0,,,,,,,11/21/80,17.4,30.1,19.4,0,,,,,,,,,,,,,,
,,,,,11/23/82,13,27.2,14.4,0,,,,,,,11/22/80,18.6,29.9,17.5,0,,,,,,,,,,,,,,
,,,,,11/24/82,13,27.8,12.2,0,,,,,,,11/23/80,18.8,30.7,18,0,,,,,,,,,,,,,,
,,,,,11/25/82,15,27.2,12.8,0,,,,,,,11/24/80,20.6,30.2,14.9,0,,,,,,,,,,,,,,
,,,,,11/26/82,12,26.7,15.6,0,,,,,,,11/25/80,20,30,12.5,0,,,,,,,,,,,,,,
,,,,,11/27/82,3,27.8,15.6,0,,,,,,,11/26/80,20.4,28.6,12.9,0,,,,,,,,,,,,,,
,,,,,11/28/82,10,28.9,15.6,0,,,,,,,11/27/80,20.2,28.9,12.7,0,,,,,,,,,,,,,,
,,,,,11/29/82,10,27.2,18.9,0,,,,,,,11/28/80,20,28.9,13.6,0,,,,,,,,,,,,,,
,,,,,11/30/82,9,29.4,19.4,0,,,,,,,11/29/80,16.2,29.4,13.5,0,,,,,,,,,,,,,,
,,,,,12/1/82,8,28.9,20.6,0,,,,,,,11/30/80,19.5,28.5,11.7,0,,,,,,,,,,,,,,
,,,,,12/2/82,10,29.4,21.1,0,,,,,,,12/1/80,19.5,27.5,12.7,0,,,,,,,,,,,,,,
,,,,,12/3/82,11,29.4,18.9,0,,,,,,,12/2/80,19.1,27.8,11.5,0,,,,,,,,,,,,,,
,,,,,12/4/82,11,28.9,18.3,0,,,,,,,12/3/80,18.9,28,12.5,0,,,,,,,,,,,,,,
,,,,,12/5/82,8,28.9,17.2,0,,,,,,,12/4/80,12.9,27.5,14.5,0,,,,,,,,,,,,,,
,,,,,12/6/82,2,27.2,15.6,0,,,,,,,12/5/80,13.5,26.9,16.9,0,,,,,,,,,,,,,,
,,,,,12/7/82,5,21.7,14.4,0,,,,,,,12/6/80,18.6,27.3,17.5,0,,,,,,,,,,,,,,
,,,,,12/8/82,2,20,17.2,0,,,,,,,12/7/80,19.8,28.3,12,0,,,,,,,,,,,,,,
,,,,,12/9/82,7,23.3,14.4,0,,,,,,,12/8/80,19.4,29.6,12,0,,,,,,,,,,,,,,
,,,,,12/10/82,2,22.2,15.6,3.3,,,,,,,12/9/80,19,29.6,12.4,0,,,,,,,,,,,,,,
,,,,,12/11/82,5,26.1,17.2,0,,,,,,,12/10/80,19.2,29.6,13.3,0,,,,,,,,,,,,,,
,,,,,12/12/82,2,23.9,10,19,,,,,,,12/11/80,20.1,30,12.7,0,,,,,,,,,,,,,,
,,,,,12/13/82,11,12.8,2.8,0,,,,,,,12/12/80,19.8,30,13.8,0,,,,,,,,,,,,,,
,,,,,12/14/82,6,18.9,3.3,0,,,,,,,12/13/80,19.9,30,11.7,0,,,,,,,,,,,,,,
,,,,,12/15/82,8,25,12.8,0,,,,,,,12/14/80,20.3,28.6,9.5,0,,,,,,,,,,,,,,
,,,,,12/16/82,6,23.9,15.6,13.7,,,,,,,12/15/80,20.4,29,9.8,0,,,,,,,,,,,,,,
,,,,,12/17/82,11,20,2.8,0,,,,,,,12/16/80,20.6,29.4,8.8,0,,,,,,,,,,,,,,
,,,,,12/18/82,11,15.6,-1.1,0,,,,,,,12/17/80,20.3,29.5,9.4,0,,,,,,,,,,,,,,
,,,,,12/19/82,9,20,-1.1,0,,,,,,,12/18/80,19.9,29,9.9,0,,,,,,,,,,,,,,
,,,,,12/20/82,11,18.9,1.1,0,,,,,,,12/19/80,19.8,29.4,10.7,0,,,,,,,,,,,,,,
,,,,,12/21/82,11,19.4,0.6,0,,,,,,,12/20/80,19.5,29.5,12.2,0,,,,,,,,,,,,,,
,,,,,12/22/82,11,19.4,0.6,0,,,,,,,12/21/80,18.3,29.7,14.5,0,,,,,,,,,,,,,,
,,,,,12/23/82,9,23.3,4.4,0,,,,,,,12/22/80,12,29.2,18,0,,,,,,,,,,,,,,
,,,,,12/24/82,9,26.7,13.3,0,,,,,,,12/23/80,10.1,26.2,19,0,,,,,,,,,,,,,,
,,,,,12/25/82,11,27.2,15.6,0,,,,,,,12/24/80,16.2,26.4,18.3,2,,,,,,,,,,,,,,
,,,,,12/26/82,10,27.2,15.6,0,,,,,,,12/25/80,13.1,28.2,13.6,0,,,,,,,,,,,,,,
,,,,,12/27/82,6,25,16.7,0,,,,,,,12/26/80,11.2,26.2,16.5,0,,,,,,,,,,,,,,
,,,,,12/28/82,8,26.7,16.1,0,,,,,,,12/27/80,15.7,26.4,18,0,,,,,,,,,,,,,,
,,,,,12/29/82,7,26.7,14.4,0,,,,,,,12/28/80,18.3,27.5,17,0,,,,,,,,,,,,,,
,,,,,12/30/82,2,23.3,13.9,0.5,,,,,,,12/29/80,16.2,28,18.3,0,,,,,,,,,,,,,,
,,,,,12/31/82,2,16.7,12.8,0.8,,,,,,,12/30/80,17,26.8,15.9,0,,,,,,,,,,,,,,
,,,,,,,,,,,,,,,,12/31/80,17.6,27.7,15,0,,,,,,,,,,,,,,
,,,,,,,,,,,,,,,,,,,,,,,,,,,,,,,,,,
,,,,,,,,,,,,,,,,,,,,,,,,,,,,,,,,,,
,,,,,,,,,,,,,,,,,,,,,,,,,,,,,,,,,,
,,,,,,,,,,,,,,,,,,,,,,,,,,,,,,,,,,
,,,,,,,,,,,,,,,,,,,,,,,,,,,,,,,,,,
,,,,,,,,,,,,,,,,,,,,,,,,,,,,,,,,,,
,,,,,,,,,,,,,,,,,,,,,,,,,,,,,,,,,,
,,,,,,,,,,,,,,,,,,,,,,,,,,,,,,,,,,
,,,,,,,,,,,,,,,,,,,,,,,,,,,,,,,,,,
,,,,,,,,,,,,,,,,,,,,,,,,,,,,,,,,,,
,,,,,,,,,,,,,,,,,,,,,,,,,,,,,,,,,,
,,,,,,,,,,,,,,,,,,,,,,,,,,,,,,,,,,
,,,,,,,,,,,,,,,,,,,,,,,,,,,,,,,,,,